user_id,zip,full_name
2054,99178,Darin Darden
2061,92167,Carry Carta
4128,99178,Love Landi
6186,77877,Christoper Canter
6187,70272,Loma Lones
6191,77877,Lisbeth Lafromboise
4148,95483,Ellis Ellen
2103,19967,Danille Doster
4153,48795,Hildegarde Holmquist
6203,46197,Kecia Kawasaki
8258,36493,Dorcas Dilbeck
6216,92167,Garry Gatti
8265,99178,Iva Imperato
5474,95483,Nelia Natoli
4184,70272,Remedios Ransome
4192,13464,Cary Cudney
8291,48795,Jona Juneau
2152,45055,Lanette Legler
4205,30585,Margery Mcamis
4215,74471,Laci Lanning
2168,43795,Tanja Trunnell
6266,99178,Kathey Keefer
5823,74471,Galina Geno
6272,45055,Vesta Vitiello
2194,74471,Brigid Boggess
2199,77189,Elana Eddie
4251,99178,Chara Corrigan
1734,12198,Alaina Avants
8370,46197,Randell Ritacco
4275,34709,Dionna Deem
6339,12198,Billi Bender
9590,48795,Joline Juel
2247,99178,Camellia Cupit
8531,74471,Ginny Godsey
6861,45055,Daryl Duffer
4309,74471,Allen Altamirano
2272,70272,Delmar Doty
8422,13464,Tam Thornhill
2281,19967,Joi Jackson
4330,13464,Andres Anton
2284,39234,Daisy Dally
4335,30585,Earnest Engebretson
6390,43795,Maris Mccafferty
8916,43795,Lina Lykins
4349,99178,Roxy Ranney
4646,30585,Elma Ehlers
8460,45055,Richelle Renna
6416,30585,Eric Espy
4369,34709,Sanjuana Seabury
4169,46279,Tracee Tetreault
8471,45055,Virgilio Vandermark
8474,92167,Walter Wessner
4386,43795,Sherly Sippel
2346,36493,Marla Mcelrath
8496,39234,Thurman Tilley
2360,48795,Isidra Isaac
4410,46279,Leonila Lopiccolo
4423,46197,Fabian Frederic
9955,34709,Nestor Nuzzo
8534,77877,Bibi Bobbitt
6503,77877,Reanna Rountree
2414,46197,Angelika Atherton
6513,44842,Roxane Rodes
2423,92167,Evelina Ellinger
8574,46279,Margery Mescher
8581,92167,Youlanda Yearby
4491,43795,Herma Huckaby
2451,77189,Connie Colter
2460,44842,Jill Jun
5531,77189,Jillian Johannsen
6566,77189,Christopher Crownover
6567,95483,Marin Mcconnaughy
8604,45055,Agustin Alan
2478,19967,Nobuko Navarro
8626,12198,Charita Curlin
4532,34709,Tuan Turpen
6581,46197,Vida Vallo
6583,77189,Chu Cotten
8633,45055,Shantae Schubert
6591,74471,Kerry Krieger
8641,43795,Victoria Venturini
4561,44842,Kathie Kravetz
6615,43795,Mitsuko Morley
8675,70272,Indira Ingham
2470,70272,Lannie Luster
8678,46279,Bo Bonaparte
2542,99178,Carley Collis
2545,74471,Evelia Esteves
4600,77189,Blaine Broadhead
4603,95483,Teri Tinoco
8709,46279,Lynetta Lupien
4615,99178,Renaldo Rohlfing
6669,48795,Cyril Coughlin
2584,46279,Taryn Thierry
4633,36493,Shea Scott
6686,46279,Cherilyn Cheesman
4639,45055,Keith Kelemen
4641,13464,Cathey Cannon
6694,43795,Jaye Jeff
8744,13464,Carmelita Curro
6701,34709,Charolette Cowboy
4656,44842,Carita Cutler
6705,92167,Bryon Blacker
6710,12198,Li Laroche
4672,39234,Susy Swinton
2625,43795,Flo Feiler
2631,95483,Lan Locklin
4683,19967,Lonna Langstaff
6752,34709,Dania Denny
8803,34709,Klara Kern
6757,30585,Tracee Tootle
8810,77877,John Jost
2670,43795,Howard Hydrick
6768,48795,Nila Nilles
2674,44842,Melonie Murton
2677,70272,April Abdullah
4726,44842,Carlton Cortina
8828,19967,Setsuko Sweitzer
4753,34709,Julee Jeremiah
2708,46279,Shanelle Saul
6829,74471,Ross Rosenbloom
2735,99178,Kristofer Kratz
4785,44842,Betsey Basilio
6835,39234,Ignacia Infante
6836,45055,Bernice Brite
6837,19967,Elma Estrella
8887,48795,Lorrie Langford
2744,30585,Shaunta Schrick
6842,39234,Regine Rey
8891,13464,Terese Trapp
6845,46197,Marcie Maeda
6847,44842,Sanora Scicchitano
4804,34709,Logan Lescarbeau
4805,36493,Yoshie Yarrington
2760,43795,Andrew Applebee
2764,99178,Joey Jimmerson
2765,36493,Stella Shealey
2772,99178,Stephen Shiffer
5582,12198,Kati Krueger
2774,46197,Nathanael Niven
4824,43795,Mittie Meadors
8921,12198,Lelah Licata
2783,19967,Ka Kinch
2792,12198,Lissa Leist
2807,46279,Annamaria Alls
4861,99178,Cathrine Corry
4863,92167,Naomi Nakano
4882,30585,Kina Keebler
8983,46279,Wilson Weiler
9915,45055,Carri Crays
8998,43795,Roxana Reiff
9026,13464,Claud Cada
6981,46197,Karole Kintz
9031,99178,Ernie Evenson
4942,70272,Simon Shubert
9049,30585,Makeda Maltos
4955,77877,Luvenia Lakin
8677,13464,Arlie Ater
9059,70272,Roselee Rodiguez
4964,46279,Margret Muench
7019,70272,Teresa Twombly
7026,46279,Dexter Ding
9076,77189,Danille Driskell
7031,70272,Myriam Mcnemar
7033,99178,Rene Ritchie
1514,99178,Rey Rameriz
7070,74471,Luetta Lazaro
7075,74471,Nadene Noe
2980,30585,Jacinta James
7080,92167,Dora Derosia
7082,34709,Shery Slaubaugh
7086,77877,Concepcion China
2994,39234,Scarlett Summerlin
7102,30585,Gala Gilchrist
7103,13464,Samantha Spillers
5057,36493,Ted Trombetta
3016,95483,Delores Dore
5072,19967,Broderick Barnes
9170,70272,Benny Buxton
9182,19967,Inger Island
9185,46279,Althea Ashurst
7139,46197,Willene Whitacre
7140,19967,Noel Neese
7157,45055,Marcel Mclaughin
3062,46279,Ruthanne Rebuck
7162,92167,Dong Donatelli
7165,46279,Desire Durrett
7174,46279,Georgianna Gantt
7176,99178,Deneen Dashiell
5292,34709,Kristine Kappler
9228,12198,Moses Mcphatter
9231,43795,Jeannine Jovel
7185,46197,Stacee Stickles
7190,46197,Jayne Jefferies
9247,36493,Edris Eckman
9249,77189,Lanie Laporta
9255,43795,Melinda Maki
7687,95483,Ted Theriault
9261,30585,Patrice Purpura
3119,92167,Darcie Dipietro
5169,99178,Oswaldo Oleary
7218,39234,Luci Lis
7248,70272,Rupert Randell
9299,77877,Mitchell Mcneel
5205,34709,Kaylee Koen
5206,45055,Matilda Mecham
5207,19967,Veronica Via
9308,19967,Bethel Butterworth
5216,34709,Mariano Mcnickle
7268,46279,Wilfredo Withers
5224,44842,Katina Kitamura
5232,70272,Ethelyn Earlywine
3186,46197,Layne Lemieux
9334,45055,Genevive Golub
5240,45055,Cole Cool
9337,19967,Pasquale Pare
7292,12198,Keva Kalish
8699,46197,Aliza Ambrosio
9385,30585,Earleen Ewing
7340,44842,Brent Burnam
7349,92167,Betsy Burrowes
7028,74471,Ellis Engle
3617,19967,Misti Mcbean
1226,77877,Asa Azevedo
3284,12198,Ivey Iraheta
9430,70272,Gabriel Gladney
3296,19967,Ardelia Annis
7396,12198,Salina Spadafora
5349,30585,Susanne Sommers
3316,46197,Elida Eckler
1274,77877,Katheryn Kroll
1281,70272,Rossie Ritz
9477,36493,Chantel Castilleja
5388,92167,Ka Korman
9486,46197,Kenia Kash
5391,39234,Cristin Coldiron
3348,92167,Golda Genna
3350,19967,Carri Carbin
9501,39234,Lynne Langner
1312,36493,Susan Schueller
8752,77877,Julio Jong
5411,44842,Liz Lansing
7476,92167,Terence Tilman
3382,43795,Clifton Cyphers
5432,12198,Arlen Antley
1337,30585,Rosalie Rickard
5437,43795,Vida Vargo
7491,13464,Jo Jepsen
5445,77189,Cameron Carbajal
3400,46279,Lovie Lal
9555,77877,Zachariah Zetina
5470,12198,Garth Gough
9570,44842,Holly Haughey
9571,74471,Virgilio Vidaurri
1387,39234,Mitzie Mcnichols
3441,46279,Faye Farkas
9588,99178,Marcella Melgar
7541,36493,Marlana Matteo
5494,95483,Fe Fuquay
3447,74471,Marinda Munsey
1401,95483,Cyndy Cunha
9595,77189,Ariel Amrhein
8769,19967,Odell Osmond
1422,19967,Hildegard Huff
7567,43795,Milagros Mcfatridge
7576,46197,Lashay Lynn
3483,70272,Delena Doane
9628,12198,Johnie Judge
1440,92167,Jerome Jeffery
7585,92167,Leonida Lollar
3500,13464,Ernesto Eaglin
9652,46279,Annie Amador
3510,34709,Era Ekhoff
5561,48795,Malcom Murton
5564,70272,Chong Carrol
1469,30585,Pearlene Pine
5571,13464,Leighann Letsinger
7623,36493,Maybelle Manfredi
3529,70272,Kayleen Krzeminski
7628,46279,Florance Fails
9677,77877,Katlyn Klos
3534,46197,Keeley Kautz
5778,45055,Mauricio Maines
3546,19967,Van Voshell
5598,34709,Forest Filippelli
7647,39234,Effie Eller
9697,74471,Evangeline Ehrlich
5610,43795,Mikki Mazzoni
3565,74471,Meghan Montiel
5619,13464,Candra Colgan
1526,92167,Claudine Collin
7671,43795,Antonio Apo
5639,19967,Charlette Calderone
9741,34709,Layne Loza
9755,36493,Tomiko Tillison
9756,77877,Cherish Chism
1566,77877,Zenia Zubia
1569,12198,Donn Domingo
5668,48795,Jacob Jefferys
1628,36493,Luba Linson
3626,12198,Joycelyn Jaco
9773,34709,Shalon Stahl
1587,43795,Hanna Hagopian
3643,39234,Elinor Erby
3657,19967,Marc Maffucci
9802,12198,Stefan Scofield
1614,92167,Benita Bohm
7769,39234,Latrice Lavigne
9820,34709,Pasty Parten
3679,77877,Noella Nicol
9827,30585,Kori Krause
3684,70272,Jesse Jules
9834,12198,Lyle Larin
1655,12198,Lyndon Leveque
5757,70272,Jillian Johson
7807,30585,Scarlett Spagnoli
9856,46279,Zona Zenz
1665,30585,Adena Ahl
9858,74471,Shawna Schumaker
9860,30585,Fredia Fleshman
5398,19967,Suzy Salvato
8129,12198,Ja Joy
9874,36493,Nery Neiss
9876,48795,Rolf Raygoza
5786,30585,Silas Scovil
5792,13464,Concepcion Cristobal
5793,13464,Darwin Dilworth
7854,34709,Yvette Yanez
5808,77877,Dirk Dobbin
1717,92167,Kristina Kneeland
5814,46197,Eileen Eddy
1723,46279,Bernardo Burmeister
3775,19967,Tamika Tall
5408,48795,Lean Learn
3780,44842,Nellie Noriega
5829,46279,Damian Defeo
7878,46197,Kimberely Knicely
7884,12198,Aja Antos
5840,95483,Li Lambert
3794,77877,Armandina Aliff
9940,12198,Terra Tousignant
1754,99178,Caryl Cloninger
5851,39234,Freddy Frye
1758,74471,Domenica Dandy
3811,92167,Magdalen Mangum
1764,99178,Elke Emert
7912,39234,Boyd Bozek
9985,74471,Tanner Truesdell
5891,74471,Karol Kimberlin
1799,30585,Alise Abbas
9994,44842,Jeanie Jaso
9999,43795,Hedy Hillier
7957,99178,Robbyn Risher
3862,12198,Alejandro Artiaga
5912,95483,Zina Zebrowski
7962,44842,Jeane Jaffee
1819,74471,Tierra Terra
5924,48795,Suzi Stormer
7978,46197,Kristi Kilby
1848,34709,Gonzalo Gunther
9524,36493,Michelina Medina
7996,43795,Wilford Wee
1855,34709,Magen Mcpeek
1856,36493,Cristin Cryer
5953,12198,Lani Leishman
8162,45055,Carley Chubb
5980,30585,Marietta Mckiernan
1886,46279,Stacey Sliter
1887,19967,Delicia Damm
2705,12198,Nell Norcross
3947,99178,Randal Royse
8044,45055,Nakita Nephew
8045,99178,Elinore Eutsey
3950,99178,Beula Blakeley
7485,39234,Florencio Felan
8051,77189,Londa Littrell
8062,30585,Mariana Maben
6021,48795,Mamie Mcavoy
3976,77877,Linsey Lansing
3992,12198,Lissa Loh
6050,30585,Graham Goodpasture
4024,70272,Cherry Carballo
6074,44842,Valene Vandermark
8128,74471,Inger Igoe
1985,43795,Tory Thomas
8133,99178,Jacklyn Jacox
4038,43795,Leeann Lahey
4043,19967,Francina Fouts
6093,36493,Fidel Fite
4048,46279,Miss Mccloskey
4060,19967,Modesto Milholland
9210,70272,Fabiola Fyfe
4066,92167,Joann Joseph
8169,39234,Hee Hillebrand
4080,43795,Janis Jamerson
2035,92167,Glenda Grunden
4090,77189,Angelo Asaro
2044,43795,Margot Mallow
